{
    "BTC": [
        7360.000001,
        7279.00000001,
        7359.0,
        7309.00000053,
        7274.0,
        7317.1,
        7349.278,
        7282.999999,
        7320.0,
        7299.999,
        7196.42830594,
        7175.0,
        7115.93644627,
        7163.0,
        7120.0,
        7089.45349999,
        7049.45,
        7037.0,
        7299.0,
        7198.0,
        7151.0,
        6750.0,
        7250.54187192,
        7590.0,
        7601.00000001,
        7700.0,
        7455.00000001,
        7430.0,
        7380.0,
        7490.0,
        7467.39224115,
        7493.0,
        7474.1,
        7495.0,
        7458.0,
        7446.07699999,
        7461.0,
        7416.0000009,
        7436.00000003,
        7438.0,
        7475.0,
        7420.0,
        7440.0,
        7382.62990002,
        7359.0,
        7370.00000001,
        7366.0,
        7345.0,
        7349.0,
        7341.0,
        7365.00000001,
        7368.99999999,
        7339.00000001,
        7315.33083751,
        7322.65185249,
        7334.5,
        7360.00000002,
        7397.9,
        7360.00000003,
        7380.1,
        7324.0,
        7328.5,
        7330.332,
        7291.8,
        7298.0,
        7308.1,
        7310.1,
        7325.0,
        7320.0,
        7258.0,
        7297.0,
        7261.50025
    ],
    "ETH": [
        310.57697546,
        310.5168,
        308.907,
        306.96,
        303.5366393,
        304.0,
        307.33650769,
        306.0,
        305.5015,
        307.77556428,
        305.65497762,
        307.6,
        307.44505,
        303.28185872,
        308.0,
        305.81,
        312.06099999,
        308.5,
        309.85,
        303.2964,
        305.0,
        297.01979119,
        301.49999999,
        301.99,
        298.8176749,
        300.0,
        298.5,
        297.1567501,
        297.2,
        299.3452904,
        299.69,
        298.8,
        299.8099999,
        299.509999,
        298.54,
        298.4,
        298.0,
        297.00010001,
        297.59999999,
        297.7,
        298.0,
        297.10599999,
        297.75,
        297.56,
        298.5,
        298.53622243,
        297.99999999,
        297.4999,
        297.2,
        297.4,
        297.5,
        296.94999999,
        296.95773571,
        293.68823423,
        294.858859,
        296.95773576,
        297.36442498,
        296.909063,
        297.01,
        296.9972258,
        296.0200001,
        296.74647058,
        294.89203297,
        295.14391396,
        295.20903669,
        294.33879391,
        294.59,
        294.01,
        293.00000001,
        294.1,
        293.41,
        292.752
    ],
    "LTC": [
        62.45,
        62.3,
        62.0,
        61.9999999,
        61.2,
        61.59999989,
        61.127,
        61.127,
        61.41,
        61.51,
        61.53,
        61.76000997,
        61.76,
        61.76000997,
        61.03400002,
        61.49998999,
        61.35,
        61.3,
        61.79845299,
        60.96950299,
        60.45,
        59.1,
        61.3,
        60.70884558,
        60.0,
        61.60500039,
        61.83,
        61.60500037,
        61.831,
        61.71,
        61.6,
        61.70000005,
        61.60000005,
        61.95,
        62.07093305,
        61.5,
        61.53500001,
        61.53500001,
        61.67999999,
        61.53454208,
        62.3000002,
        62.38000002,
        62.2,
        62.2699,
        61.9,
        61.72,
        61.72575615,
        61.12025008,
        61.275,
        61.89,
        61.68000001,
        61.67,
        61.91575977,
        61.60543789,
        61.24842238,
        61.12,
        60.8,
        60.7,
        60.39007204,
        60.26,
        60.99548259,
        61.30001,
        60.98000992,
        60.99548285,
        61.35,
        60.88499999,
        60.5,
        60.78959335,
        60.7,
        60.53999999,
        60.54999999,
        60.0
    ],
    "OMG": [
        7.85,
        7.875,
        7.873,
        7.72,
        7.47,
        7.4899875,
        7.52,
        7.60611693,
        7.44,
        7.32103001,
        7.5688488,
        7.6,
        7.75,
        8.01,
        8.021,
        8.14,
        8.1,
        8.03793103,
        7.99,
        7.8,
        8.070807,
        7.65000009,
        8.09,
        7.14,
        7.066644,
        6.65000001,
        6.55289113,
        6.55289113,
        6.55000001,
        6.53000063,
        6.52780278,
        6.54873651,
        6.6,
        6.62,
        6.6,
        6.60213359,
        6.62,
        6.536406,
        6.54962509,
        6.54999249,
        6.5326769,
        6.50000001,
        6.59251,
        6.6,
        6.55000003,
        6.52999999,
        6.532334,
        6.49,
        6.494485,
        6.43473827,
        6.39,
        6.4435,
        6.4,
        6.388,
        6.34663565,
        6.35832676,
        6.389,
        6.389,
        6.38010007,
        6.43,
        6.433,
        6.43516331,
        6.43516331,
        6.402,
        6.4,
        6.37690775,
        6.354,
        6.354,
        6.354,
        6.353881,
        6.31063101,
        6.31163111
    ],
    "time": 1510193042.3793156
}