{
    "BTC_mean": 7332.0722389699995,
    "BTC_stdev": 137.9147557045486,
    "ETH_mean": 299.77287221819455,
    "ETH_stdev": 4.8948007064562855,
    "OMG_mean": 6.8884379011111125,
    "OMG_stdev": 0.6203794224993474
}